{
  "app": {
    "version": "7.5.1",
    "versionCode": "267",
    "link": "https://soy-tool.coding.net/api/share/download/f4fdce17-1f06-483f-9e30-a701c478197a"
  },
  "magisk": {
    "version": "20.3",
    "versionCode": "20300",
    "link": "https://soy-tool.coding.net/api/share/download/ba19c283-9c1e-4de1-95a4-8e147fc318e1",
    "md5": "959e46971c2eb500b91a053b2f1c1a8c"
  },
  "uninstaller": {
    "link": "https://soy-tool.coding.net/api/share/download/ba19c283-9c1e-4de1-95a4-8e147fc318e1"
  }
}