{
  "app": {
    "version": "7.5.1",
    "versionCode": "267",
    "link": "https://soy-tool.coding.net/api/share/download/4473cafb-59a4-4ae8-859c-a4e671e3f1d8"
  },
  "magisk": {
    "version": "20.4",
    "versionCode": "20400",
    "link": "https://soy-tool.coding.net/api/share/download/a1807415-b636-4b71-bd5d-085e5add5663",
    "md5": "9503fc692e03d60cb8897ff2753c193f"
  },
  "uninstaller": {
    "link": "https://soy-tool.coding.net/api/share/download/31281f96-2760-4c58-b8e2-1b221d8920f1"
  }
}