{
  "app": {
    "version": "8.0.6",
    "versionCode": "4826",
    "link": "https://soy-tool.coding.net/api/share/download/e087967c-c9f1-4252-87fc-11b27407c1d6"
  },
  "magisk": {
    "version": "21.3",
    "versionCode": "21300",
    "link": "https://soy-tool.coding.net/api/share/download/2f892925-b4d2-447b-b264-ff8f9cb4a2e2",
    "md5": "796981015e4eb7278703aad77b4476fe"
  },
  "uninstaller": {
    "link": "https://soy-tool.coding.net/api/share/download/d2b9a84b-b64d-4ca0-b5f0-7d235bc9ab43"
  }
}