{
  "app": {
    "version": "22.0",
    "versionCode": "22000",
    "link": "https://soy-tool.coding.net/api/share/download/abe1c693-bf0d-42f5-a71c-21558534377b",
    "note": "https://topjohnwu.github.io/Magisk/releases/22000.md"
  },
  "stub": {
    "versionCode": "18",
    "link": "https://soy-tool.coding.net/api/share/download/abe1c693-bf0d-42f5-a71c-21558534377b"
  },
  "uninstaller": {
    "link": "https://soy-tool.coding.net/api/share/download/2fac24c0-0f27-4d11-a0c7-f0f31a6e9df8"
  },
  "magisk": {
    "version": "22.0",
    "versionCode": "22000",
    "link": "https://soy-tool.coding.net/api/share/download/abe1c693-bf0d-42f5-a71c-21558534377b",
    "note": "https://topjohnwu.github.io/Magisk/releases/22000.md",
    "md5": "e14132835b4cc0878639fcf645db479c"
  }
}